Sequence, Start Point, Lat , Long , End Point, Lat, Long, Distance(mtr)
2,0(47823),51.483548,-0.009691,141(ea746),51.481394,-0.024806,1073.7245798087108
3,141(ea746),51.481394,-0.024806,313(916a4),51.47824,-0.026066,361.40052933165987
4,313(916a4),51.47824,-0.026066,554(f384c),51.478737,-0.036356,714.7544430719792
5,554(f384c),51.478737,-0.036356,175(6b010),51.47976,-0.045371,634.585195494417
6,175(6b010),51.47976,-0.045371,338(7d25b),51.482392,-0.051163,496.5150044921125
7,338(7d25b),51.482392,-0.051163,527(9182f),51.491327,-0.048247,1013.8347520327362
8,527(9182f),51.491327,-0.048247,73(677a4),51.493203,-0.047461,215.58251275070984
9,73(677a4),51.493203,-0.047461,539(fb56c),51.497809,-0.04918,525.8071891558099
10,539(fb56c),51.497809,-0.04918,278(59add),51.500588,-0.034134,1086.3837455113535
11,278(59add),51.500588,-0.034134,309(22d14),51.50993,-0.030302,1072.1067861695687
13,309(22d14),51.50993,-0.030302,117(f0ed5),51.50033,-0.017778,1375.0894982125237
15,117(f0ed5),51.50033,-0.017778,162(80a9e),51.497123,-0.06317,3162.3139520733434
16,162(80a9e),51.497123,-0.06317,358(08086),51.498139,-0.06804,355.5472456440931
17,358(08086),51.498139,-0.06804,150(67403),51.500446,-0.076587,644.8563681434033
18,150(67403),51.500446,-0.076587,269(5b793),51.509785,-0.068095,1193.2444196367908
19,269(5b793),51.509785,-0.068095,31(9db58),51.518422,-0.073278,1025.1761315198282
20,31(9db58),51.518422,-0.073278,55(02057),51.519775,-0.071852,179.91498280908542
21,55(02057),51.519775,-0.071852,345(29943),51.526132,-0.080594,930.3051227398756
22,345(29943),51.526132,-0.080594,472(0951a),51.530061,-0.069615,876.1923778701027
23,472(0951a),51.530061,-0.069615,214(71eab),51.529254,-0.05614,936.4479948803768
24,214(71eab),51.529254,-0.05614,531(15ede),51.521582,-0.050053,951.3631505907039
25,531(15ede),51.521582,-0.050053,465(bb937),51.517182,-0.054824,590.2083917922824
26,465(bb937),51.517182,-0.054824,227(3ce3f),51.518735,-0.057886,273.329588191602
28,227(3ce3f),51.518735,-0.057886,172(ae1e1),51.524979,-0.083237,1886.3860133285925
29,172(ae1e1),51.524979,-0.083237,119(1b369),51.526984,-0.089842,508.4284344542642
30,119(1b369),51.526984,-0.089842,451(57aa7),51.532452,-0.088734,612.8258329641591
31,451(57aa7),51.532452,-0.088734,21(bff1e),51.533392,-0.091246,202.77158872576584
32,21(bff1e),51.533392,-0.091246,537(198db),51.536473,-0.100995,756.3510982550108
33,537(198db),51.536473,-0.100995,72(ffb25),51.547152,-0.105771,1232.5310623122396
34,72(ffb25),51.547152,-0.105771,109(f1a4e),51.54757,-0.11047,328.23635864743244
35,109(f1a4e),51.54757,-0.11047,387(a661b),51.552087,-0.115678,618.0201460365786
36,387(a661b),51.552087,-0.115678,498(9e912),51.568683,-0.108195,1916.5221315224708
37,498(9e912),51.568683,-0.108195,122(1fc21),51.565977,-0.107658,303.1740624904872
38,122(1fc21),51.565977,-0.107658,379(dbd67),51.564764,-0.10553,199.5692084308565
39,379(dbd67),51.564764,-0.10553,321(d4299),51.564087,-0.104245,116.43178542016604
40,321(d4299),51.564087,-0.104245,513(42ba6),51.563272,-0.103875,94.1637142094894
41,513(42ba6),51.563272,-0.103875,336(3a074),51.560381,-0.099148,458.3800318660987
42,336(3a074),51.560381,-0.099148,9(ed4c1),51.559728,-0.097732,121.8774530873792
43,9(ed4c1),51.559728,-0.097732,302(f1507),51.557771,-0.08245,1078.6415556234615
44,302(f1507),51.557771,-0.08245,186(af4ce),51.54558,-0.075477,1438.762055588578
45,186(af4ce),51.54558,-0.075477,324(7040f),51.54402,-0.066991,611.9281648199762
46,324(7040f),51.54402,-0.066991,553(b85d9),51.545342,-0.056118,766.1309304854502
47,553(b85d9),51.545342,-0.056118,446(53135),51.551104,-0.060892,720.7460682683817
48,446(53135),51.551104,-0.060892,400(6c267),51.552902,-0.054353,494.348324143079
49,400(6c267),51.552902,-0.054353,217(b71c9),51.554578,-0.05294,210.41626891596871
50,217(b71c9),51.554578,-0.05294,577(7283d),51.556032,-0.050022,258.53175530640806
52,577(7283d),51.556032,-0.050022,54(faeaa),51.550118,-0.045933,715.8024876029958
54,54(faeaa),51.550118,-0.045933,455(b7681),51.54052,-0.054939,1235.6676220468946
55,455(b7681),51.54052,-0.054939,445(ba063),51.53902,-0.056142,186.39169686738575
56,445(ba063),51.53902,-0.056142,187(0428d),51.536887,-0.047884,618.4351831971072
59,187(0428d),51.536887,-0.047884,158(f98e7),51.538552,-0.045838,233.0260106949492
60,158(f98e7),51.538552,-0.045838,515(8e105),51.542136,-0.040709,533.521061251439
61,515(8e105),51.542136,-0.040709,343(0a7a9),51.537288,-0.02778,1044.0987591500855
62,343(0a7a9),51.537288,-0.02778,61(bb3a6),51.527833,-0.021673,1133.0390662787697
63,61(bb3a6),51.527833,-0.021673,528(01c6c),51.520779,-0.031636,1044.191409783579
65,528(01c6c),51.520779,-0.031636,427(aae64),51.523768,-0.016861,1074.9063174995636
66,427(aae64),51.523768,-0.016861,414(d4615),51.523687,0.004817,1499.807016854693
67,414(d4615),51.523687,0.004817,382(7773f),51.524358,0.011319,455.97998450754994
68,382(7773f),51.524358,0.011319,22(400a2),51.53602,0.010867,1297.1321284752294
69,22(400a2),51.53602,0.010867,569(b46af),51.531775,0.028645,1317.1685002550428
70,569(b46af),51.531775,0.028645,207(85357),51.53602,0.052438,1712.091317943857
71,207(85357),51.53602,0.052438,2(f7d41),51.540042,0.076327,1711.6854032005122
72,2(f7d41),51.540042,0.076327,211(594af),51.547257,0.078675,818.5381436620814
73,211(594af),51.547257,0.078675,40(f2703),51.558158,0.074527,1245.6020278893222
74,40(f2703),51.558158,0.074527,512(2db1d),51.55981,0.073678,192.84256227320503
75,512(2db1d),51.55981,0.073678,42(db60f),51.560038,0.070904,193.43361486712135
76,42(db60f),51.560038,0.070904,483(60f32),51.560038,0.070904,0.0
77,483(60f32),51.560038,0.070904,311(1c7e4),51.545323,0.030978,3208.991019929537
78,311(1c7e4),51.545323,0.030978,70(4dffe),51.546578,0.029116,189.87589931243048
79,70(4dffe),51.546578,0.029116,60(19cb3),51.549348,0.007704,1512.2870158095925
80,60(19cb3),51.549348,0.007704,238(b97cd),51.546676,-1.15E-4,616.9231130336416
81,238(b97cd),51.546676,-1.15E-4,376(2cf9b),51.544171,-0.004595,416.60712153795305
82,376(2cf9b),51.544171,-0.004595,426(b06c7),51.544443,-0.006314,122.661541714211
83,426(b06c7),51.544443,-0.006314,241(f68b8),51.543293,-0.006898,134.1000284894448
84,241(f68b8),51.543293,-0.006898,334(c5c16),51.543293,-0.006898,0.0
88,334(c5c16),51.543293,-0.006898,541(5439a),51.553159,0.005708,1401.1868802676702
89,541(5439a),51.553159,0.005708,470(e8c89),51.557658,-0.007135,1019.1482253428701
90,470(e8c89),51.557658,-0.007135,79(34272),51.560526,-0.011872,457.0991628210678
91,79(34272),51.560526,-0.011872,385(2a25c),51.56367,-0.010047,371.6625895673236
92,385(2a25c),51.56367,-0.010047,88(2d0ae),51.572725,-0.008424,1013.0996574476612
93,88(2d0ae),51.572725,-0.008424,285(a833d),51.576901,-0.010768,491.7931436542411
94,285(a833d),51.576901,-0.010768,83(5da87),51.58538,-0.018712,1090.968718508203
95,83(5da87),51.58538,-0.018712,71(ba3ae),51.587939,-0.020073,299.6816086857669
96,71(ba3ae),51.587939,-0.020073,136(53257),51.588406,-0.017873,160.61616060196394
98,136(53257),51.588406,-0.017873,406(bdafb),51.587324,-0.034319,1142.55598546044
99,406(bdafb),51.587324,-0.034319,566(3eee1),51.588911,-0.037253,268.75200508564336
101,566(3eee1),51.588911,-0.037253,578(83178),51.583008,-0.036483,658.5359903055215
102,578(83178),51.583008,-0.036483,142(f5b0f),51.575467,-0.034556,849.0275841820765
103,142(f5b0f),51.575467,-0.034556,176(fdcf4),51.568231,-0.031506,831.7594524462033
105,176(fdcf4),51.568231,-0.031506,351(d8bd1),51.573667,0.017449,3436.979827496896
106,351(d8bd1),51.573667,0.017449,199(9e51c),51.586857,0.025958,1580.123617342107
107,199(9e51c),51.586857,0.025958,236(4dcaf),51.58022,0.047227,1644.4519479740916
108,236(4dcaf),51.58022,0.047227,487(a7b0f),51.582419,0.063911,1178.4589752652453
109,487(a7b0f),51.582419,0.063911,43(e61cc),51.57646,0.089605,1895.0650760599774
110,43(e61cc),51.57646,0.089605,8(4bcd6),51.575913,0.108427,1302.1099162978098
111,8(4bcd6),51.575913,0.108427,155(42640),51.586251,0.12828,1789.7564041385556
112,155(42640),51.586251,0.12828,525(6a7d5),51.608904,0.123764,2538.139236359803
113,525(6a7d5),51.608904,0.123764,497(fa4e7),51.600363,0.084536,2870.7856203825268
114,497(fa4e7),51.600363,0.084536,548(cd05f),51.605844,0.077682,771.6950828231309
115,548(cd05f),51.605844,0.077682,53(36cae),51.604769,0.056,1502.1314515839283
116,53(36cae),51.604769,0.056,244(44fb2),51.608598,0.035476,1479.9207180771962
117,244(44fb2),51.608598,0.035476,65(e85ee),51.607134,0.032277,274.41283333047767
120,65(e85ee),51.607134,0.032277,318(cfcbe),51.565102,-0.06943,8439.261235667653
121,318(cfcbe),51.565102,-0.06943,171(3d168),51.572656,-0.071621,853.5077922190975
122,171(3d168),51.572656,-0.071621,293(803cc),51.575269,-0.073055,306.9880593750378
123,293(803cc),51.575269,-0.073055,403(595f8),51.573918,-0.076705,293.5862116831853
124,403(595f8),51.573918,-0.076705,15(cec4c),51.570824,-0.081064,457.2905939178777
125,15(cec4c),51.570824,-0.081064,423(c15c0),51.572571,-0.09063,689.069442055988
126,423(c15c0),51.572571,-0.09063,356(421bf),51.579491,-0.099794,996.5555053788848
128,356(421bf),51.579491,-0.099794,299(2ccf2),51.577558,-0.084836,1055.726651852106
129,299(2ccf2),51.577558,-0.084836,134(cdfcf),51.58196,-0.083525,497.7922529854991
130,134(cdfcf),51.58196,-0.083525,584(e701b),51.58724,-0.077528,718.5946620899855
131,584(e701b),51.58724,-0.077528,329(c5f90),51.58423,-0.072733,470.92805920548824
132,329(c5f90),51.58423,-0.072733,546(8bdfb),51.590878,-0.059834,1157.8494696094535
134,546(8bdfb),51.590878,-0.059834,488(2d349),51.589026,-0.086115,1827.2320006464054
135,488(2d349),51.589026,-0.086115,571(ffe9e),51.59382,-0.09446,785.1734475910528
136,571(ffe9e),51.59382,-0.09446,149(18474),51.593061,-0.105349,756.9152238688129
137,149(18474),51.593061,-0.105349,473(09e90),51.594524,-0.109663,339.51358693411896
138,473(09e90),51.594524,-0.109663,510(b82a2),51.602281,-0.121759,1200.8344371891792
139,510(b82a2),51.602281,-0.121759,361(6b397),51.603411,-0.128861,506.3318841225993
141,361(6b397),51.603411,-0.128861,89(d8c20),51.601323,-0.099085,2069.540620598078
142,89(d8c20),51.601323,-0.099085,392(e1b9b),51.60794,-0.089089,1008.9272874426225
143,392(e1b9b),51.60794,-0.089089,287(dded9),51.610971,-0.070922,1298.990115071349
144,287(dded9),51.610971,-0.070922,490(ef0b1),51.606501,-0.066548,581.6207692840837
145,490(ef0b1),51.606501,-0.066548,24(ca598),51.619443,-0.077598,1628.8390414681946
146,24(ca598),51.619443,-0.077598,561(4d2c0),51.613718,-0.069,870.4305374205513
149,561(4d2c0),51.613718,-0.069,409(f3ee1),51.61388,-0.065772,223.61204940707336
150,409(f3ee1),51.61388,-0.065772,11(a0def),51.620426,-0.060842,803.5359625949837
151,11(a0def),51.620426,-0.060842,424(76697),51.628983,-0.045407,1428.5012521189612
152,424(76697),51.628983,-0.045407,556(3a496),51.62818,-0.03933,428.862981996956
153,556(3a496),51.62818,-0.03933,257(0c956),51.612721,-0.02639,1937.23886479385
154,257(0c956),51.612721,-0.02639,315(43aa8),51.622939,0.005302,2465.4671576847454
155,315(43aa8),51.622939,0.005302,263(d9298),51.630544,0.007025,853.9602756766462
157,263(d9298),51.630544,0.007025,437(9bdee),51.632317,-0.052301,4099.463346298126
158,437(9bdee),51.632317,-0.052301,75(d2c1d),51.636226,-0.052682,435.45561921825
159,75(d2c1d),51.636226,-0.052682,200(14b0b),51.636943,-0.041192,796.9552913068574
160,200(14b0b),51.636943,-0.041192,295(d1ba6),51.650752,-0.029726,1727.3356984265572
161,295(d1ba6),51.650752,-0.029726,450(801c9),51.656005,-0.035686,714.3086550067858
162,450(801c9),51.656005,-0.035686,454(8d2d7),51.655359,-0.052513,1163.0101688981936
163,454(8d2d7),51.655359,-0.052513,362(fe7ae),51.661535,-0.061618,930.6285660619782
164,362(fe7ae),51.661535,-0.061618,68(50ed1),51.679836,-0.048564,2225.2023439133873
166,68(50ed1),51.679836,-0.048564,267(662e9),51.657767,-0.069253,2838.6015239587946
167,267(662e9),51.657767,-0.069253,102(af637),51.656002,-0.08779,1293.6914043966199
168,102(af637),51.656002,-0.08779,386(61e92),51.666585,-0.085508,1187.255977241469
170,386(61e92),51.666585,-0.085508,146(2b603),51.646539,-0.135165,4086.8419306876253
171,146(2b603),51.646539,-0.135165,395(30704),51.651448,-0.178057,3009.2099544798684
172,395(30704),51.651448,-0.178057,347(ba542),51.64643,-0.21435,2565.4149349611776
173,347(ba542),51.64643,-0.21435,29(ba74e),51.616224,-0.254319,4346.448669471847
174,29(ba74e),51.616224,-0.254319,194(cfec3),51.596899,-0.24128,2329.8795606767744
175,194(cfec3),51.596899,-0.24128,249(cce32),51.589555,-0.258056,1417.6849217720203
176,249(cce32),51.589555,-0.258056,266(861e4),51.572221,-0.26804,2047.1919738181255
177,266(861e4),51.572221,-0.26804,96(79045),51.56381,-0.271476,964.9414758618027
178,96(79045),51.56381,-0.271476,562(f8184),51.563174,-0.275901,313.9426991399291
179,562(f8184),51.563174,-0.275901,319(33902),51.559548,-0.284376,711.1881098983672
180,319(33902),51.559548,-0.284376,276(1f724),51.553863,-0.287922,678.0144713451169
181,276(1f724),51.553863,-0.287922,564(0637b),51.546966,-0.292869,839.7348092775051
182,564(0637b),51.546966,-0.292869,415(0db30),51.556456,-0.312969,1744.9763148720224
183,415(0db30),51.556456,-0.312969,166(5ffeb),51.554333,-0.315427,290.87135074874715
184,166(5ffeb),51.554333,-0.315427,457(e1cd5),51.555153,-0.316811,132.1725249731331
185,457(e1cd5),51.555153,-0.316811,144(a47d7),51.570846,-0.295091,2301.9844006030316
188,144(a47d7),51.570846,-0.295091,233(3a16f),51.558988,-0.250049,3381.0857010036707
189,233(3a16f),51.558988,-0.250049,275(f47a9),51.558235,-0.245403,331.91894651325526
190,275(f47a9),51.558235,-0.245403,48(304bf),51.549418,-0.239714,1056.3634550653571
191,48(304bf),51.549418,-0.239714,549(92504),51.549724,-0.22062,1320.6959473263187
192,549(92504),51.549724,-0.22062,271(67275),51.548631,-0.200903,1368.7532569176037
193,271(67275),51.548631,-0.200903,6(67ce6),51.542493,-0.198751,698.5495261470681
194,6(67ce6),51.542493,-0.198751,534(ba3d9),51.540267,-0.195551,332.02667021892887
195,534(ba3d9),51.540267,-0.195551,482(95134),51.535076,-0.189556,710.7008670789294
196,482(95134),51.535076,-0.189556,74(1ff43),51.54276,-0.181132,1034.1552411412251
197,74(1ff43),51.54276,-0.181132,260(bf0de),51.546295,-0.179462,409.6877522578145
198,260(bf0de),51.546295,-0.179462,565(7e786),51.553632,-0.166129,1231.0556377441108
199,565(7e786),51.553632,-0.166129,568(9302e),51.525009,-0.164973,3183.7363910239324
200,568(9302e),51.525009,-0.164973,56(e0a06),51.525009,-0.164973,0.0
201,56(e0a06),51.525009,-0.164973,300(f4d9e),51.522669,-0.165413,261.9707695809651
202,300(f4d9e),51.522669,-0.165413,25(ca409),51.515434,-0.175432,1061.9700647368925
203,25(ca409),51.515434,-0.175432,296(99d29),51.50835,-0.170369,862.1132939139954
204,296(99d29),51.50835,-0.170369,516(5291f),51.51335,-0.159461,937.5218623016615
205,516(5291f),51.51335,-0.159461,481(a4cdd),51.514052,-0.154345,362.52889775422295
206,481(a4cdd),51.514052,-0.154345,492(1f4d0),51.517684,-0.151474,450.0775190237132
208,492(1f4d0),51.517684,-0.151474,431(3b420),51.512336,-0.14705,668.8414172880979
209,431(3b420),51.512336,-0.14705,39(ae31c),51.509097,-0.146936,360.2467639715176
211,39(ae31c),51.509097,-0.146936,116(44dd1),51.514195,-0.145735,572.9321592800353
212,116(44dd1),51.514195,-0.145735,108(7c283),51.513827,-0.142363,236.90044517262677
213,108(7c283),51.513827,-0.142363,281(7be72),51.512078,-0.141526,202.92188573942673
214,281(7be72),51.512078,-0.141526,131(ff1b8),51.508087,-0.124122,1283.6008539681861
215,131(ff1b8),51.508087,-0.124122,46(93619),51.508409,-0.123461,58.09233095522444
216,46(93619),51.508409,-0.123461,235(63a49),51.510373,-0.120887,281.82533538957665
217,235(63a49),51.510373,-0.120887,98(a0647),51.506998,-0.113994,606.9677865849076
218,98(a0647),51.506998,-0.113994,485(7fa41),51.501201,-0.111971,659.6294377908246
219,485(7fa41),51.501201,-0.111971,289(8e3a4),51.495541,-0.116432,701.0404958621498
220,289(8e3a4),51.495541,-0.116432,103(49fc4),51.490825,-0.111492,626.0627633101841
221,103(49fc4),51.490825,-0.111492,545(7fc2d),51.490825,-0.111492,0.0
223,545(7fc2d),51.490825,-0.111492,533(2cc42),51.489205,-0.114195,259.7532399780288
224,533(2cc42),51.489205,-0.114195,419(810b6),51.488618,-0.122473,576.8511152463378
225,419(810b6),51.488618,-0.122473,407(29946),51.485535,-0.124227,363.69054893767014
227,407(29946),51.485535,-0.124227,532(73b8a),51.487966,-0.110415,993.8196236259514
228,532(73b8a),51.487966,-0.110415,373(12ddb),51.487289,-0.110774,79.27665360767745
229,373(12ddb),51.487289,-0.110774,519(10c55),51.483491,-0.103398,662.723038851765
230,519(10c55),51.483491,-0.103398,34(573ab),51.47953,-0.110317,650.8120763291422
232,34(573ab),51.47953,-0.110317,97(7fe42),51.48753,-0.097339,1264.4840292256351
233,97(7fe42),51.48753,-0.097339,159(5db1a),51.488202,-0.097211,75.24673178036318
234,159(5db1a),51.488202,-0.097211,579(af3c2),51.493347,-0.093957,614.8586319707669
235,579(af3c2),51.493347,-0.093957,135(8a2d7),51.496888,-0.094356,394.70891949662047
236,135(8a2d7),51.496888,-0.094356,301(4ab5a),51.497784,-0.094708,102.5671457834401
237,301(4ab5a),51.497784,-0.094708,456(846ba),51.497367,-0.098947,297.0820480621511
238,456(846ba),51.497367,-0.098947,246(8b9eb),51.506374,-0.100949,1011.073897220313
239,246(8b9eb),51.506374,-0.100949,353(57060),51.505386,-0.089938,769.9661329921278
240,353(57060),51.505386,-0.089938,33(10f92),51.505414,-0.088338,110.7833868351234
242,33(10f92),51.505414,-0.088338,317(7a2b1),51.504168,-0.089168,149.98647870107217
243,317(7a2b1),51.504168,-0.089168,38(46b61),51.502367,-0.090684,226.08703473469777
246,38(46b61),51.502367,-0.090684,422(19308),51.497037,-0.090273,593.3514018153601
248,422(19308),51.497037,-0.090273,413(c7f7f),51.491926,-0.088441,582.2968932307531
249,413(c7f7f),51.491926,-0.088441,517(458d6),51.494268,-0.083157,449.0427725661867
250,517(458d6),51.494268,-0.083157,402(8df36),51.491347,-0.072245,822.3165204852992
251,402(8df36),51.491347,-0.072245,157(05905),51.492274,-0.065234,496.21600024814177
254,157(05905),51.492274,-0.065234,298(a5dd1),51.488404,-0.071058,589.7201331924601
255,298(a5dd1),51.488404,-0.071058,138(6e8c2),51.488158,-0.068634,170.04805868270682
257,138(6e8c2),51.488158,-0.068634,410(f02c2),51.485008,-0.072296,432.4090012521351
258,410(f02c2),51.485008,-0.072296,573(60d52),51.481773,-0.080152,652.1694232716247
259,573(60d52),51.481773,-0.080152,107(480e3),51.475251,-0.073932,843.4948739776029
260,107(480e3),51.475251,-0.073932,509(30d1a),51.472736,-0.068681,458.77352486011426
261,509(30d1a),51.472736,-0.068681,397(b560c),51.47072,-0.069112,226.14796341846323
262,397(b560c),51.47072,-0.069112,265(70700),51.456574,-0.069622,1573.3601653906157
263,265(70700),51.456574,-0.069622,78(a14f0),51.454714,-0.064836,390.82189787968355
264,78(a14f0),51.454714,-0.064836,477(f4a14),51.452926,-0.062738,246.29439419000087
265,477(f4a14),51.452926,-0.062738,252(bc97f),51.439813,-0.055552,1540.7985911327232
266,252(bc97f),51.439813,-0.055552,391(957cf),51.427032,-0.035466,1989.601991548003
267,391(957cf),51.427032,-0.035466,436(15ff6),51.416061,-0.055438,1845.5385069296137
268,436(15ff6),51.416061,-0.055438,440(d58f6),51.400629,-0.03598,2183.1024086167977
269,440(d58f6),51.400629,-0.03598,374(f6f39),51.394167,-0.042682,855.8557989862898
270,374(f6f39),51.394167,-0.042682,486(73c88),51.367486,-0.025574,3195.5558649403392
271,486(73c88),51.367486,-0.025574,294(63cb4),51.314603,0.033572,7173.34901157935
272,294(63cb4),51.314603,0.033572,359(c0da2),51.312091,-0.099569,9257.991400050021
273,359(c0da2),51.312091,-0.099569,213(fdf68),51.323819,-0.10296,1325.2163886549781
274,213(fdf68),51.323819,-0.10296,258(faea3),51.336951,-0.117062,1758.4591985082284
275,258(faea3),51.336951,-0.117062,355(da0ba),51.355152,-0.099741,2354.4098819764454
276,355(da0ba),51.355152,-0.099741,195(5b318),51.354449,-0.09645,241.5291572637183
277,195(5b318),51.354449,-0.09645,218(ead04),51.359704,-0.144756,3404.756045860741
278,218(ead04),51.359704,-0.144756,499(b559f),51.359052,-0.142168,193.76875886479735
280,499(b559f),51.359052,-0.142168,229(c7b1e),51.371195,-0.10254,3064.658875186312
281,229(c7b1e),51.371195,-0.10254,375(8f6cc),51.372592,-0.101088,185.1729033077809
282,375(8f6cc),51.372592,-0.101088,575(8d330),51.374063,-0.101933,173.7661190668078
283,575(8d330),51.374063,-0.101933,557(95d5b),51.378124,-0.102799,455.545521262708
284,557(95d5b),51.378124,-0.102799,529(78be7),51.381843,-0.110334,666.6974943275677
286,529(78be7),51.381843,-0.110334,393(bb562),51.378988,-0.097878,920.9187241919346
287,393(bb562),51.378988,-0.097878,126(03f24),51.381824,-0.090905,577.6181005967185
288,126(03f24),51.381824,-0.090905,80(3db46),51.384626,-0.082927,635.3017404243961
289,80(3db46),51.384626,-0.082927,552(e228c),51.392517,-0.0761,997.1522644385385
290,552(e228c),51.392517,-0.0761,535(527ca),51.394462,-0.088855,911.0129119289533
291,535(527ca),51.394462,-0.088855,330(e70a8),51.396996,-0.092042,358.16588752807877
292,330(e70a8),51.396996,-0.092042,383(63f62),51.401212,-0.093635,481.64750929441834
293,383(63f62),51.401212,-0.093635,380(6742c),51.399107,-0.099674,479.8908525078214
294,380(6742c),51.399107,-0.099674,228(a7bac),51.396268,-0.100927,327.4321629089027
295,228(a7bac),51.396268,-0.100927,463(3ba9e),51.398513,-0.11521,1021.8609873947921
296,463(3ba9e),51.398513,-0.11521,105(7367c),51.400817,-0.114785,257.8840479776736
297,105(7367c),51.400817,-0.114785,130(cbe21),51.407325,-0.130895,1331.336525781096
298,130(cbe21),51.407325,-0.130895,220(fd1d4),51.409953,-0.145742,1070.4343110467746
299,220(fd1d4),51.409953,-0.145742,212(ff988),51.405141,-0.165692,1483.5963810724888
300,212(ff988),51.405141,-0.165692,18(e2d42),51.404326,-0.173402,542.4285309005872
301,18(e2d42),51.404326,-0.173402,201(95f4d),51.407393,-0.18093,623.6693963681537
302,201(95f4d),51.407393,-0.18093,354(e5200),51.42,-0.176258,1438.7919656857678
304,354(e5200),51.42,-0.176258,530(0b647),51.41913,-0.143774,2254.6003342445965
305,530(0b647),51.41913,-0.143774,222(9e57f),51.432096,-0.130689,1703.441958379677
306,222(9e57f),51.432096,-0.130689,484(144e9),51.436987,-0.128346,567.588476330275
307,484(144e9),51.436987,-0.128346,164(d70ae),51.44613,-0.124835,1045.3728575757998
308,164(d70ae),51.44613,-0.124835,371(7cb4d),51.446032,-0.135589,745.3569398881872
309,371(7cb4d),51.446032,-0.135589,524(0c7b9),51.453122,-0.142036,906.1584306167199
310,524(0c7b9),51.453122,-0.142036,430(f068b),51.454757,-0.142531,185.01078737985242
311,430(f068b),51.454757,-0.142531,51(98adb),51.462029,-0.137787,872.8579118547401
312,51(98adb),51.462029,-0.137787,177(31fc0),51.462029,-0.137787,0.0
314,177(31fc0),51.462029,-0.137787,4(0e16a),51.46327,-0.134987,238.052040801969
315,4(0e16a),51.46327,-0.134987,239(5042a),51.464088,-0.136062,117.55522555667702
316,239(5042a),51.464088,-0.136062,67(c2856),51.475576,-0.138028,1284.6453856815456
317,67(c2856),51.475576,-0.138028,464(9410e),51.481028,-0.143293,707.4374605900306
318,464(9410e),51.481028,-0.143293,113(dc716),51.47597,-0.152167,833.063672752665
319,113(dc716),51.47597,-0.152167,76(c232d),51.473158,-0.168955,1204.0309756740642
320,76(c232d),51.473158,-0.168955,180(22e22),51.468986,-0.167855,470.12031404522514
321,180(22e22),51.468986,-0.167855,555(395c9),51.462958,-0.169349,678.2256536845
323,555(395c9),51.462958,-0.169349,170(22e48),51.46891,-0.173905,733.231090655085
324,170(22e48),51.46891,-0.173905,563(15c85),51.475383,-0.185383,1072.4193039672448
325,563(15c85),51.475383,-0.185383,225(4dd65),51.47611,-0.198156,888.3094150850058
326,225(4dd65),51.47611,-0.198156,369(1a8db),51.459749,-0.198469,1819.3893846729968
327,369(1a8db),51.459749,-0.198469,10(f5d8a),51.456633,-0.195253,411.94446165077255
328,10(f5d8a),51.456633,-0.195253,66(ceae0),51.44936,-0.215976,1648.0102107652804
329,66(ceae0),51.44936,-0.215976,110(7a813),51.44431,-0.21682,564.5723719654459
331,110(7a813),51.44431,-0.21682,420(ccae0),51.482585,-0.177824,5040.976006370605
332,420(ccae0),51.482585,-0.177824,357(4b986),51.490506,-0.185834,1040.8494388540873
333,357(4b986),51.490506,-0.185834,337(aa7ba),51.489064,-0.191437,419.76062072920547
334,337(aa7ba),51.489064,-0.191437,148(e924d),51.487984,-0.194289,231.11630375661045
335,148(e924d),51.487984,-0.194289,27(7ac7b),51.485038,-0.203292,704.2065417265728
336,27(7ac7b),51.485038,-0.203292,442(3f894),51.490054,-0.204348,562.5258328972642
337,442(3f894),51.490054,-0.204348,154(5f5b4),51.489693,-0.220797,1139.5676825486037
338,154(5f5b4),51.489693,-0.220797,20(31a00),51.480916,-0.23688,1480.7664921293187
340,20(31a00),51.480916,-0.23688,390(95ba0),51.503176,-0.219826,2742.379199054995
341,390(95ba0),51.503176,-0.219826,216(1a5df),51.507942,-0.23052,910.3182870699759
342,216(1a5df),51.507942,-0.23052,388(e269e),51.504937,-0.233993,411.61531292631173
344,388(e269e),51.504937,-0.233993,378(2cc86),51.514824,-0.241494,1215.7800247392602
345,378(2cc86),51.514824,-0.241494,469(4fa0b),51.51742,-0.234721,550.4289801208427
346,469(4fa0b),51.51742,-0.234721,433(5f5cc),51.51525,-0.206081,1996.399068398132
347,433(5f5cc),51.51525,-0.206081,93(3f884),51.517255,-0.20077,429.83742094290324
348,93(3f884),51.517255,-0.20077,468(67e12),51.515267,-0.181478,1353.103723326378
351,468(67e12),51.515267,-0.181478,205(116db),51.513647,-0.18196,183.19761933999456
352,205(116db),51.513647,-0.18196,206(3f4fb),51.505474,-0.192517,1166.0605797330966
353,206(3f4fb),51.505474,-0.192517,291(d24e7),51.501376,-0.189797,493.03677669152984
354,291(d24e7),51.501376,-0.189797,441(7d2d7),51.50062,-0.193474,268.04124406576796
356,441(7d2d7),51.50062,-0.193474,297(a38d8),51.492965,-0.176243,1465.3875100442776
357,297(a38d8),51.492965,-0.176243,559(90125),51.496827,-0.16782,724.1758872450647
358,559(90125),51.496827,-0.16782,82(61a04),51.497252,-0.167975,48.460642860191804
359,82(61a04),51.497252,-0.167975,234(486aa),51.497988,-0.167888,82.06076191839142
360,234(486aa),51.497988,-0.167888,41(69f18),51.499842,-0.163434,370.88863148133527
361,41(69f18),51.499842,-0.163434,474(394fd),51.500987,-0.16189,166.22959984396098
364,474(394fd),51.500987,-0.16189,168(2bf09),51.493505,-0.161283,833.0208896354607
365,168(2bf09),51.493505,-0.161283,90(7dfe2),51.489662,-0.163368,451.0448826916352
366,90(7dfe2),51.489662,-0.163368,460(0c987),51.49012,-0.165625,164.35454343357026
368,460(0c987),51.49012,-0.165625,247(fd53c),51.491604,-0.149605,1121.3421203581072
369,247(fd53c),51.491604,-0.149605,104(50735),51.493621,-0.138459,803.5889505149519
370,104(50735),51.493621,-0.138459,169(d3daf),51.5194,-0.107917,3561.6095820665064
371,169(d3daf),51.5194,-0.107917,262(09e85),51.522758,-0.105962,397.1375064121417
372,262(09e85),51.522758,-0.105962,307(b51e0),51.52355,-0.099284,470.33777782581916
373,307(b51e0),51.52355,-0.099284,156(b50c4),51.527008,-0.096819,420.6320218746459
374,156(b50c4),51.527008,-0.096819,521(0ad98),51.526563,-0.092656,292.2153413066227
377,521(0ad98),51.526563,-0.092656,192(b5bfd),51.52166,-0.09093,558.1127193665137
379,192(b5bfd),51.52166,-0.09093,288(84393),51.528176,-0.102854,1097.9446358899688
380,288(84393),51.528176,-0.102854,124(647af),51.530455,-0.106464,355.782107188145
381,124(647af),51.530455,-0.106464,237(afcc4),51.529674,-0.115479,629.6285996485508
382,237(afcc4),51.529674,-0.115479,511(e8c5b),51.529849,-0.123588,561.2795810367069
383,511(e8c5b),51.529849,-0.123588,458(0d210),51.528633,-0.125729,200.5440778843393
384,458(0d210),51.528633,-0.125729,230(46e26),51.528645,-0.128136,166.5142967334046
385,230(46e26),51.528645,-0.128136,190(36aca),51.525296,-0.131609,443.17120645637226
386,190(36aca),51.525296,-0.131609,421(7fcd4),51.523786,-0.138152,482.80225876460406
387,421(7fcd4),51.523786,-0.138152,435(57bc7),51.521028,-0.14171,393.2522030916084
388,435(57bc7),51.521028,-0.14171,30(68ff5),51.519946,-0.142662,137.16349423640287
389,30(68ff5),51.519946,-0.142662,292(372a3),51.516058,-0.140154,465.85462169260313
390,292(372a3),51.516058,-0.140154,523(6dc46),51.516166,-0.137324,196.19255207872797
391,523(6dc46),51.516166,-0.137324,255(ac2e5),51.515684,-0.135874,113.75218395709203
392,255(ac2e5),51.515684,-0.135874,467(9c5a3),51.515087,-0.136201,70.13382585370877
394,467(9c5a3),51.515087,-0.136201,240(454af),51.515088,-0.140222,278.24337772376543
395,240(454af),51.515088,-0.140222,120(d9ff6),51.514684,-0.140844,62.21404181193927
398,120(d9ff6),51.514684,-0.140844,111(a6608),51.513708,-0.140004,123.11256697361073
399,111(a6608),51.513708,-0.140004,582(54520),51.513114,-0.138803,106.15899907108042
400,582(54520),51.513114,-0.138803,161(3f416),51.512136,-0.134995,285.07591578723475
401,161(3f416),51.512136,-0.134995,174(1eb20),51.510952,-0.134064,146.5740188542844
402,174(1eb20),51.510952,-0.134064,290(8c81e),51.509158,-0.13493,208.29199364190717
403,290(8c81e),51.509158,-0.13493,504(98ae6),51.510942,-0.131196,325.773284022039
404,504(98ae6),51.510942,-0.131196,183(e9a50),51.510942,-0.131196,0.0
405,183(e9a50),51.510942,-0.131196,182(c3355),51.51179,-0.131925,106.94083121915067
406,182(c3355),51.51179,-0.131925,466(a75a5),51.51179,-0.131925,0.0
408,466(a75a5),51.51179,-0.131925,250(cbe84),51.512513,-0.133841,155.0598983537245
411,250(cbe84),51.512513,-0.133841,191(10777),51.513406,-0.131715,177.4949512290502
412,191(10777),51.513406,-0.131715,543(09250),51.514246,-0.131436,95.37822151671269
413,543(09250),51.514246,-0.131436,399(681a5),51.514492,-0.131037,38.865988605230804
414,399(681a5),51.514492,-0.131037,447(874e3),51.513848,-0.129593,122.93326050862129
415,447(874e3),51.513848,-0.129593,360(8fb58),51.513064,-0.129438,87.83419354531902
416,360(8fb58),51.513064,-0.129438,139(780a4),51.511703,-0.128701,159.699216593477
417,139(780a4),51.511703,-0.128701,232(6ed74),51.511703,-0.128701,0.0
419,232(6ed74),51.511703,-0.128701,160(da011),51.513361,-0.12833,186.14023823973878
420,160(da011),51.513361,-0.12833,261(ea5e7),51.513243,-0.127139,83.45542154434028
421,261(ea5e7),51.513243,-0.127139,143(c8783),51.514445,-0.125259,186.5172986029157
422,143(c8783),51.514445,-0.125259,342(e8d70),51.51401,-0.124528,69.9886769422576
423,342(e8d70),51.51401,-0.124528,432(b1b9b),51.513777,-0.123456,78.5759103371471
424,432(b1b9b),51.513777,-0.123456,503(ccf12),51.51163,-0.121916,261.44170722602485
427,503(ccf12),51.51163,-0.121916,1(3dd82),51.513075,-0.118888,264.05522768886397
429,1(3dd82),51.513075,-0.118888,47(adc1f),51.5186,-0.123056,678.681842601791
430,47(adc1f),51.5186,-0.123056,550(eac9b),51.51968,-0.125347,198.8706280670269
432,550(eac9b),51.51968,-0.125347,364(29847),51.527637,-0.142205,1463.9391127278593
433,364(29847),51.527637,-0.142205,185(3361b),51.529035,-0.140778,184.14598864699627
434,185(3361b),51.529035,-0.140778,181(96dd4),51.530394,-0.143693,251.98522894050978
435,181(96dd4),51.530394,-0.143693,114(bd42e),51.534753,-0.140141,543.4142199949837
436,114(bd42e),51.534753,-0.140141,19(88b5c),51.537349,-0.14054,289.9782199503858
437,19(88b5c),51.537349,-0.14054,84(f4751),51.538028,-0.13349,493.41143582602444
439,84(f4751),51.538028,-0.13349,514(789d9),51.538136,-0.141993,588.212311477121
440,514(789d9),51.538136,-0.141993,49(4dddd),51.539425,-0.142748,152.545651414236
441,49(4dddd),51.539425,-0.142748,45(6cb16),51.540595,-0.144307,168.96936851013132
442,45(6cb16),51.540595,-0.144307,282(c80c3),51.540595,-0.144307,0.0
443,282(c80c3),51.540595,-0.144307,272(1e779),51.543117,-0.149304,445.04653426428825
445,272(1e779),51.543117,-0.149304,153(c726b),51.545695,-0.141729,597.1401151877188
446,153(c726b),51.545695,-0.141729,449(b1bf9),51.544171,-0.136902,374.3500326174181
447,449(b1bf9),51.544171,-0.136902,167(97aa5),51.544881,-0.132373,322.99037919215755
449,167(97aa5),51.544881,-0.132373,115(58d22),51.549934,-0.141383,838.9629478993965
450,115(58d22),51.549934,-0.141383,453(62a5f),51.557589,-0.138734,870.6779171737683
451,453(62a5f),51.557589,-0.138734,326(66ceb),51.565118,-0.138845,837.2217654752042
452,326(66ceb),51.565118,-0.138845,286(f2fb7),51.570207,-0.130917,787.702573606834
453,286(f2fb7),51.570207,-0.130917,85(7cd8b),51.576143,-0.14398,1118.3343639007087
454,85(7cd8b),51.576143,-0.14398,59(74a15),51.589891,-0.174833,2623.237846244278
455,59(74a15),51.589891,-0.174833,264(1512a),51.601123,-0.194685,1854.7970538450288
456,264(1512a),51.601123,-0.194685,417(ceab2),51.606807,-0.209406,1197.1127417439247
458,417(ceab2),51.606807,-0.209406,434(d9536),51.59271,-0.206048,1584.5806724400913
459,434(d9536),51.59271,-0.206048,147(e71b5),51.586493,-0.204648,698.0318665115698
460,147(e71b5),51.586493,-0.204648,118(36c1d),51.577793,-0.201469,992.0197004652514
461,118(36c1d),51.577793,-0.201469,408(c9b4d),51.571318,-0.204957,759.2658197706999
462,408(c9b4d),51.571318,-0.204957,574(ba8bd),51.559805,-0.208901,1308.8914713907898
465,574(ba8bd),51.559805,-0.208901,58(c3faf),51.568193,-0.227085,1565.191613481048
466,58(c3faf),51.568193,-0.227085,23(56bcd),51.614863,-0.326938,8632.073839431621
467,23(56bcd),51.614863,-0.326938,270(90290),51.602816,-0.307699,1886.6583705143146
468,270(90290),51.602816,-0.307699,193(87975),51.592759,-0.306788,1120.0563132318998
469,193(87975),51.592759,-0.306788,94(8e6f9),51.583803,-0.325639,1639.465009336676
470,94(8e6f9),51.583803,-0.325639,404(61f08),51.586772,-0.333354,626.9914314616783
471,404(61f08),51.586772,-0.333354,340(3ffb2),51.597678,-0.333864,1213.2035244705446
473,340(3ffb2),51.597678,-0.333864,570(9b30d),51.581095,-0.335683,1848.2225420113693
474,570(9b30d),51.581095,-0.335683,398(5e408),51.579667,-0.334538,177.40545917081403
476,398(5e408),51.579667,-0.334538,245(bebb5),51.57771,-0.344943,751.203644991073
477,245(bebb5),51.57771,-0.344943,268(96939),51.570924,-0.363082,1463.1269891311238
478,268(96939),51.570924,-0.363082,208(a7ebe),51.556292,-0.361011,1633.2899417180643
480,208(a7ebe),51.556292,-0.361011,12(b4b46),51.568804,-0.395826,2779.8141651817314
481,12(b4b46),51.568804,-0.395826,203(23239),51.579181,-0.399098,1175.8173027210423
482,203(23239),51.579181,-0.399098,274(0ad97),51.588571,-0.39731,1051.4033656055683
483,274(0ad97),51.588571,-0.39731,251(a8c25),51.594505,-0.419132,1645.5735788732707
484,251(a8c25),51.594505,-0.419132,389(e280f),51.588228,-0.436794,1405.6508477561047
486,389(e280f),51.588228,-0.436794,17(86e93),51.568875,-0.412302,2737.7383525114888
487,17(86e93),51.568875,-0.412302,224(bbb28),51.566119,-0.417289,461.2216996726935
488,224(bbb28),51.566119,-0.417289,231(e53f8),51.563817,-0.443468,1827.5529583764896
489,231(e53f8),51.563817,-0.443468,132(12325),51.551486,-0.452096,1495.2672409171944
490,132(12325),51.551486,-0.452096,64(d0c60),51.536406,-0.461014,1786.6331977941963
491,64(d0c60),51.536406,-0.461014,184(292c6),51.543677,-0.477901,1420.4425613479316
492,184(292c6),51.543677,-0.477901,145(27e0c),51.546608,-0.480687,378.596915337416
493,145(27e0c),51.546608,-0.480687,256(0ee10),51.546064,-0.483806,224.00113010922604
495,256(0ee10),51.546064,-0.483806,416(36116),51.525812,-0.487838,2269.1219432362113
497,416(36116),51.525812,-0.487838,350(15e84),51.535191,-0.45474,2515.8619370581487
498,350(15e84),51.535191,-0.45474,197(bad43),51.521135,-0.434272,2108.953685950829
499,197(bad43),51.521135,-0.434272,304(bf103),51.523934,-0.423047,836.6592165318234
500,304(bf103),51.523934,-0.423047,480(55f0d),51.52274,-0.417193,426.21517954717643
501,480(55f0d),51.52274,-0.417193,163(f00de),51.527333,-0.415751,520.3704947566073
502,163(f00de),51.527333,-0.415751,331(ab447),51.447195,-0.416454,8911.071974384304
503,331(ab447),51.447195,-0.416454,101(15f40),51.459853,-0.44738,2563.799584924394
504,101(15f40),51.459853,-0.44738,303(1c795),51.470361,-0.458471,1398.4085498722754
505,303(1c795),51.470361,-0.458471,581(5099b),51.49506,-0.476135,3006.47418863956
506,581(5099b),51.49506,-0.476135,505(1d259),51.497865,-0.437115,2719.14006296085
507,505(1d259),51.497865,-0.437115,3(fdde0),51.500839,-0.418139,1354.5339449589908
508,3(fdde0),51.500839,-0.418139,279(fe864),51.497717,-0.416058,375.8509506972422
510,279(fe864),51.497717,-0.416058,127(4709f),51.504444,-0.418792,771.576159701396
512,127(4709f),51.504444,-0.418792,367(cd848),51.518214,-0.397791,2111.071616151501
513,367(cd848),51.518214,-0.397791,242(4ee9a),51.524856,-0.385089,1147.9528123622222
514,242(4ee9a),51.524856,-0.385089,384(af279),51.531479,-0.349878,2544.709348948576
515,384(af279),51.531479,-0.349878,209(9fe9a),51.534988,-0.34666,449.20889940931545
516,209(9fe9a),51.534988,-0.34666,50(436ec),51.5353,-0.296968,3437.225503858271
517,50(436ec),51.5353,-0.296968,253(d972b),51.541678,-0.292172,782.9379984597734
520,253(d972b),51.541678,-0.292172,312(c0b73),51.535407,-0.282747,954.5374753069465
521,312(c0b73),51.535407,-0.282747,471(4a714),51.541065,-0.266368,1295.79248744554
522,471(4a714),51.541065,-0.266368,69(0868c),51.527366,-0.25759,1639.8058936202428
523,69(0868c),51.527366,-0.25759,284(03c99),51.527028,-0.251808,401.7557017934121
525,284(03c99),51.527028,-0.251808,37(d102d),51.509398,-0.250869,1961.442938992033
526,37(d102d),51.509398,-0.250869,316(4cf86),51.514506,-0.268458,1343.1977209250847
527,316(4cf86),51.514506,-0.268458,333(bc3a7),51.508399,-0.272681,739.2830655259352
528,333(bc3a7),51.508399,-0.272681,412(f5094),51.504266,-0.279652,666.3178748820949
529,412(f5094),51.504266,-0.279652,277(7b357),51.500377,-0.297794,1328.1073563199398
530,277(7b357),51.500377,-0.297794,16(26d4a),51.488386,-0.286444,1547.6410934586766
531,16(26d4a),51.488386,-0.286444,198(09a87),51.46613,-0.276595,2567.033109809995
533,198(09a87),51.46613,-0.276595,259(0f199),51.510896,-0.31948,5796.08189093872
534,259(0f199),51.510896,-0.31948,14(97f15),51.516965,-0.316302,709.770754091457
536,14(97f15),51.516965,-0.316302,320(4afb3),51.509932,-0.325683,1016.3626372064276
537,320(4afb3),51.509932,-0.325683,370(b8962),51.507893,-0.346076,1429.4323697012517
538,370(b8962),51.507893,-0.346076,328(d0993),51.506716,-0.351075,369.90428911648837
539,328(d0993),51.506716,-0.351075,489(54e6b),51.510221,-0.384742,2362.383110618655
542,489(54e6b),51.510221,-0.384742,332(f4456),51.507422,-0.38657,335.96411833317006
543,332(f4456),51.507422,-0.38657,443(99bdc),51.483613,-0.373023,2808.6381907371397
544,443(99bdc),51.483613,-0.373023,123(ec311),51.473328,-0.385556,1435.7050744555063
545,123(ec311),51.473328,-0.385556,495(4521a),51.470774,-0.366079,1378.601939418635
546,495(4521a),51.470774,-0.366079,243(c59bd),51.46912,-0.364328,220.30725004168193
547,243(c59bd),51.46912,-0.364328,576(5da55),51.46912,-0.364328,0.0
549,576(5da55),51.46912,-0.364328,520(48feb),51.473944,-0.324351,2820.432681400876
550,520(48feb),51.473944,-0.324351,444(6616d),51.454398,-0.319555,2198.6637310472797
551,444(6616d),51.454398,-0.319555,461(41072),51.443194,-0.337248,1747.9679448703273
552,461(41072),51.443194,-0.337248,462(7a64e),51.43917,-0.361192,1718.8154004786786
553,462(7a64e),51.43917,-0.361192,283(6389b),51.442223,-0.366033,477.31248701664003
555,283(6389b),51.442223,-0.366033,538(b50ca),51.423432,-0.359871,2132.6811989086314
557,538(b50ca),51.423432,-0.359871,128(5fe9b),51.428772,-0.324134,2547.8963056085277
558,128(5fe9b),51.428772,-0.324134,551(814da),51.429261,-0.311227,896.469954988459
559,551(814da),51.429261,-0.311227,381(3849e),51.411621,-0.299856,2114.023979347429
560,381(3849e),51.411621,-0.299856,57(7713f),51.40768,-0.297572,465.97283201238787
561,57(7713f),51.40768,-0.297572,479(b61cf),51.393407,-0.296205,1589.9158033344493
562,479(b61cf),51.393407,-0.296205,448(e71b5),51.392837,-0.295363,86.19794849427655
563,448(e71b5),51.392837,-0.295363,394(e6000),51.375174,-0.303965,2052.7506221397225
564,394(e6000),51.375174,-0.303965,439(19884),51.367196,-0.298226,972.4581197026747
566,439(19884),51.367196,-0.298226,323(b465f),51.400022,-0.255044,4722.643495561786
567,323(b465f),51.400022,-0.255044,87(ba3e8),51.408918,-0.215178,2936.922150518888
568,87(ba3e8),51.408918,-0.215178,411(a517b),51.403237,-0.193287,1644.5851928129996
569,411(a517b),51.403237,-0.193287,26(c4459),51.400562,-0.180597,929.1919115003907
572,26(c4459),51.400562,-0.180597,189(0598c),51.393796,-0.204951,1849.528858255442
573,189(0598c),51.393796,-0.204951,219(04f3f),51.387306,-0.188065,1376.0731232354121
574,219(04f3f),51.387306,-0.188065,526(f76fa),51.369471,-0.196627,2070.279601300868
575,526(f76fa),51.369471,-0.196627,254(3ff9d),51.364989,-0.192925,560.7381790963875
576,254(3ff9d),51.364989,-0.192925,491(bd449),51.36049,-0.195055,521.6660754279249
577,491(bd449),51.36049,-0.195055,129(824ba),51.358411,-0.21842,1638.707055388008
578,129(824ba),51.358411,-0.21842,248(2972a),51.433396,-0.104639,11481.978350257672
581,248(2972a),51.433396,-0.104639,339(cad0c),51.445662,-0.148556,3335.5849708135115
582,339(cad0c),51.445662,-0.148556,496(9be80),51.443638,-0.152494,353.74749331422555
583,496(9be80),51.443638,-0.152494,335(6e85a),51.438791,-0.155941,589.5405880514452
584,335(6e85a),51.438791,-0.155941,572(97951),51.443817,-0.166747,934.4896803831059
586,572(97951),51.443817,-0.166747,215(3e026),51.45539,-0.127464,3011.0368474009992
587,215(3e026),51.45539,-0.127464,178(a7f6f),51.455502,-0.122652,333.64693294368993
588,178(a7f6f),51.455502,-0.122652,133(eae5e),51.460693,-0.120538,595.5057913843012
589,133(eae5e),51.460693,-0.120538,322(b7969),51.462606,-0.114788,451.5891853170783
590,322(b7969),51.462606,-0.114788,560(71547),51.454287,-0.105847,1113.2913665746878
591,560(71547),51.454287,-0.105847,273(604fc),51.453099,-0.10355,206.8392981276858
592,273(604fc),51.453099,-0.10355,508(02fe1),51.468077,-0.093916,1794.2409350898233
593,508(02fe1),51.468077,-0.093916,210(4e77b),51.469029,-0.096036,181.02581320022546
594,210(4e77b),51.469029,-0.096036,226(35be3),51.477401,-0.090503,1006.7166353300487
597,226(35be3),51.477401,-0.090503,344(79146),51.470924,-0.062926,2041.2510287120958
598,344(79146),51.470924,-0.062926,352(8c1e3),51.473079,-0.061107,270.7277125404052
599,352(8c1e3),51.473079,-0.061107,428(c543e),51.467667,-0.047126,1140.152093910792
601,428(c543e),51.467667,-0.047126,518(a02b4),51.46836,-0.023037,1670.4002548425713
602,518(a02b4),51.46836,-0.023037,327(9a790),51.462846,-0.009109,1143.164114322412
603,327(9a790),51.462846,-0.009109,507(2e6f4),51.466898,0.009554,1369.118497258726
604,507(2e6f4),51.466898,0.009554,372(ca21a),51.473036,0.023388,1176.445802460587
605,372(ca21a),51.473036,0.023388,438(c80d0),51.445295,-0.020407,4326.85140836878
606,438(c80d0),51.445295,-0.020407,188(d15fd),51.454274,0.003127,1912.1829180503175
609,188(d15fd),51.454274,0.003127,221(35c3d),51.435474,0.005527,2097.071290285395
610,221(35c3d),51.435474,0.005527,363(8d4c3),51.425167,-0.003886,1318.8473494294049
611,363(8d4c3),51.425167,-0.003886,121(ff749),51.421945,0.001022,494.12951092212603
612,121(ff749),51.421945,0.001022,401(51f69),51.41387,-0.005327,1000.0310195128619
613,401(51f69),51.41387,-0.005327,542(9526d),51.412869,-0.004623,121.54346802517428
614,542(9526d),51.412869,-0.004623,173(4b883),51.406986,0.01124,1279.9975671881625
615,173(4b883),51.406986,0.01124,308(60f63),51.405853,0.018034,487.7985687131949
616,308(60f63),51.405853,0.018034,35(3a633),51.400999,0.017404,541.5064670325775
617,35(3a633),51.400999,0.017404,196(f0621),51.399089,0.018628,228.7273845306489
618,196(f0621),51.399089,0.018628,365(790fd),51.431078,0.058852,4520.366226199148
619,365(790fd),51.431078,0.058852,151(70cf0),51.426741,0.045653,1034.3655483109414
620,151(70cf0),51.426741,0.045653,152(44234),51.421468,0.049934,657.1830533206776
621,152(44234),51.421468,0.049934,306(d7bfd),51.421483,0.062405,864.7366196484347
622,306(d7bfd),51.421483,0.062405,204(b4447),51.410088,0.07574,1568.6417766757647
623,204(b4447),51.410088,0.07574,100(497b9),51.402299,0.096983,1709.1674077321513
624,100(497b9),51.402299,0.096983,583(1eaf0),51.411236,0.105128,1143.1139320462387
625,583(1eaf0),51.411236,0.105128,125(9686e),51.424692,0.104999,1496.265673756384
626,125(9686e),51.424692,0.104999,500(fcbbe),51.429562,0.118688,1092.6954585046876
627,500(fcbbe),51.429562,0.118688,99(829fb),51.445563,0.103109,2081.2886125165846
628,99(829fb),51.445563,0.103109,137(4972e),51.44692,0.103142,150.90884554458265
629,137(4972e),51.44692,0.103142,522(6d4ba),51.455257,0.094587,1100.3725908922897
630,522(6d4ba),51.455257,0.094587,349(35c5c),51.459266,0.080044,1101.8222537346203
632,349(35c5c),51.459266,0.080044,13(6c3a7),51.461387,0.11003,2090.795708900015
633,13(6c3a7),51.461387,0.11003,366(f22f2),51.470735,0.109061,1041.6152710822198
634,366(f22f2),51.470735,0.109061,86(d5aeb),51.48347,0.098933,1580.2635111988895
635,86(d5aeb),51.48347,0.098933,493(d7b8b),51.492948,0.121731,1897.9905141652816
636,493(d7b8b),51.492948,0.121731,63(b8ffc),51.497058,0.118445,510.4976859115715
637,63(b8ffc),51.497058,0.118445,28(328a2),51.506217,0.104229,1416.1461989662264
639,28(328a2),51.506217,0.104229,475(fb049),51.498757,0.125944,1716.7481872303565
640,475(fb049),51.498757,0.125944,165(b5df9),51.495556,0.1314,518.9795436718417
641,165(b5df9),51.495556,0.1314,314(4bdb7),51.49026,0.148079,1296.2020255292773
642,314(4bdb7),51.49026,0.148079,476(0bcd0),51.472883,0.158537,2063.491041185662
643,476(0bcd0),51.472883,0.158537,92(cfdb9),51.461078,0.193726,2768.5341565872723
645,92(cfdb9),51.461078,0.193726,396(e5239),51.455522,0.145037,3429.4636656826565
646,396(e5239),51.455522,0.145037,202(afe1b),51.446382,0.152121,1128.6620739833525
647,202(afe1b),51.446382,0.152121,280(ec3b1),51.609793,0.216271,18704.537708879914
648,280(ec3b1),51.609793,0.216271,36(c3298),51.605036,0.219563,575.7381490887848
649,36(c3298),51.605036,0.219563,405(f9816),51.594358,0.208301,1419.4479283949768
650,405(f9816),51.594358,0.208301,179(6afd9),51.590272,0.220417,952.3417388620637
652,179(6afd9),51.590272,0.220417,346(049d1),51.583216,0.183308,2681.176462059894
653,346(049d1),51.583216,0.183308,377(e0ca5),51.579711,0.180772,427.3185416645063
654,377(e0ca5),51.579711,0.180772,77(38c6e),51.577486,0.182214,266.7207038468303
655,77(38c6e),51.577486,0.182214,544(4fc27),51.576028,0.181563,168.24803752213657
657,544(4fc27),51.576028,0.181563,452(29645),51.579435,0.185659,472.8996164764133
658,452(29645),51.579435,0.185659,580(a30f9),51.575535,0.192089,620.8790266944326
659,580(a30f9),51.575535,0.192089,52(5aad7),51.561719,0.220916,2515.915247853465
661,52(5aad7),51.561719,0.220916,310(cc9f3),51.581522,0.163625,4530.586331493011
662,310(cc9f3),51.581522,0.163625,558(63b73),51.561826,0.153427,2300.708546972271
663,558(63b73),51.561826,0.153427,502(110be),51.550413,0.147608,1331.3062322933085
664,502(110be),51.550413,0.147608,348(937c0),51.54511,0.16556,1374.2778744076138
665,348(937c0),51.54511,0.16556,536(d816e),51.533407,0.154017,1526.6757955594394
666,536(d816e),51.533407,0.154017,459(93956),51.528745,0.156162,539.207377394475
667,459(93956),51.528745,0.156162,478(5bfe3),51.506831,0.216876,4856.554702024464
668,478(5bfe3),51.506831,0.216876,44(31838),51.51236,0.200686,1278.0330660227155
669,44(31838),51.51236,0.200686,223(d6ebf),51.535373,0.196879,2572.447886679627
670,223(d6ebf),51.535373,0.196879,429(b37e5),51.546169,0.193274,1226.0766501725939
673,429(b37e5),51.546169,0.193274,494(a1727),51.546108,0.12029,5046.875009698442
674,494(a1727),51.546108,0.12029,81(d2f04),51.534355,0.125223,1350.6708755241837
675,81(d2f04),51.534355,0.125223,567(6b450),51.533833,0.116274,621.7059394826858
676,567(6b450),51.533833,0.116274,91(3927f),51.527701,0.11524,685.5885382623843
678,91(3927f),51.527701,0.11524,95(d9396),51.554352,0.108946,2995.253114881815
679,95(d9396),51.554352,0.108946,501(703b4),51.549652,0.101718,723.1059199044754
680,501(703b4),51.549652,0.101718,32(f546d),51.540987,0.085412,1483.1691568963843
681,32(f546d),51.540987,0.085412,425(9654a),51.538044,0.080981,448.3323748214675
684,425(9654a),51.538044,0.080981,341(a7ca1),51.536435,0.077893,278.6132430752723
685,341(a7ca1),51.536435,0.077893,506(551e0),51.53002,0.083123,799.8053196622565
687,506(551e0),51.53002,0.083123,325(8064f),51.487816,0.082697,4692.963291424822
688,325(8064f),51.487816,0.082697,547(ceaeb),51.48199,0.07958,682.8295460734392
690,547(ceaeb),51.48199,0.07958,5(e93d1),51.492689,0.063946,1608.451876982827
691,5(e93d1),51.492689,0.063946,540(c51e6),51.478192,0.050043,1877.5710174577791
693,540(c51e6),51.478192,0.050043,418(d1eaa),51.503993,0.045955,2882.867258237591
694,418(d1eaa),51.503993,0.045955,62(987b5),51.508231,0.043739,495.5743814992858
695,62(987b5),51.508231,0.043739,112(f37cc),51.509645,0.02599,1238.3749860740245
696,112(f37cc),51.509645,0.02599,140(c828a),51.508069,0.020919,392.2693292035139
697,140(c828a),51.508069,0.020919,7(cee38),51.49214,0.01742,1787.7069537790564
698,7(cee38),51.49214,0.01742,305(b9086),51.485777,0.017226,707.6608055359679
699,305(b9086),51.485777,0.017226,106(74aa7),51.48573,0.014732,172.76887244317035
700,106(74aa7),51.48573,0.014732,368(64e7a),51.487124,0.006338,601.5242531719737
701,368(64e7a),51.487124,0.006338,0(47823),51.483548,-0.009691,1178.9707345459196
